{"early_model_chexpert_auc": 0.7217879048005698, "cac_chexpert_auc": 0.7235715302127819, "improvement": 0.0017836254122121087, "per_disease_early": [0.7547889610389611, 0.6067505315379165, 0.7485923675037983, 0.6366150442477876, 0.754424778761062, 0.7762701643298658, 0.7750734861845974], "per_disease_cac": [0.7737012987012986, 0.6911764705882353, 0.7898829207257128, 0.5608407079646018, 0.6421460176991151, 0.7973767526006332, 0.8098765432098765], "diseases": ["Atelectasis", "Cardiomegaly", "Effusion", "Pneumonia", "Pneumothorax", "Consolidation", "Edema"]}